{"cameraMode":{"drawMode":0,"name":"Shaded","section":"Shading Mode"},"sceneLighting":true,"audioPlay":false,"sceneViewState":{"m_AlwaysRefresh":false,"showFog":true,"showSkybox":true,"showFlares":true,"showImageEffects":true,"showParticleSystems":true,"showVisualEffectGraphs":true,"m_FxEnabled":true},"in2DMode":false,"pivot":{"x":-14.997945785522461,"y":-58.10972595214844,"z":-185.37075805664063},"rotation":{"x":0.00584125192835927,"y":0.9838578701019287,"z":-0.1759936809539795,"w":0.032780129462480548},"size":139.9960479736328,"orthographic":false}