{"cameraMode":{"drawMode":0,"name":"Shaded","section":"Shading Mode"},"sceneLighting":true,"audioPlay":false,"sceneViewState":{"m_AlwaysRefresh":false,"showFog":true,"showSkybox":true,"showFlares":true,"showImageEffects":true,"showParticleSystems":true,"showVisualEffectGraphs":true,"m_FxEnabled":true},"in2DMode":false,"pivot":{"x":-31.351943969726564,"y":-12.655817985534668,"z":-98.85416412353516},"rotation":{"x":0.009028350934386254,"y":-0.9910077452659607,"z":0.10203805565834046,"w":0.08672888576984406},"size":52.343605041503909,"orthographic":false}