{"cameraMode":{"drawMode":0,"name":"Shaded","section":"Shading Mode"},"sceneLighting":true,"audioPlay":false,"sceneViewState":{"m_AlwaysRefresh":false,"showFog":true,"showSkybox":true,"showFlares":true,"showImageEffects":true,"showParticleSystems":true,"showVisualEffectGraphs":true,"m_FxEnabled":true},"in2DMode":false,"pivot":{"x":-61.409454345703128,"y":6.528568744659424,"z":-33.485389709472659},"rotation":{"x":0.021529627963900567,"y":0.905190110206604,"z":0.046198610216379169,"w":-0.42195114493370058},"size":13.809318542480469,"orthographic":false}